<?xml version="1.0" encoding="UTF-8"?>
<!DOCTYPE hibernate-reverse-engineering PUBLIC "-//Hibernate/Hibernate Reverse Engineering DTD 3.0//EN" "http://hibernate.sourceforge.net/hibernate-reverse-engineering-3.0.dtd">
<hibernate-reverse-engineering>
  <schema-selection match-schema="APP"/>
  <table-filter match-name="MANUFACTURER"/>
  <table-filter match-name="PRODUCT"/>
  <table-filter match-name="DISCOUNT_CODE"/>
  <table-filter match-name="PRODUCT_CODE"/>
  <table-filter match-name="MICRO_MARKET"/>
  <table-filter match-name="PURCHASE_ORDER"/>
  <table-filter match-name="CUSTOMER"/>
</hibernate-reverse-engineering>
